Title,Price,Rating,Reviews,Rating_Num,Reviews_Int,Rating_Category
"Raycon The Everyday Wireless Bluetooth Over Ear Headphones, with Active Noise Cancelling, Awareness Mode and Built in Microphone, IPX 4 Water Resistance, 40 Hours of Battery Life (Black)",43.02,4.5 out of 5 stars,3781,4.5,3781,High
"Wireless Headphones Bluetooth, Bluetooth Headphones, 70H Playtime Headphone Wireless Bluetooth 5.1 with with Mic & 3EQ Modes, Over Ear Headphones HiFi Stereo for Home Traver Work(NO ANC)",15.99,4.2 out of 5 stars,367,4.2,367,High
"Picun B8 Bluetooth Headphones, 120H Playtime Headphone Wireless Bluetooth with 3 EQ Modes, Low Latency, Hands-Free Calls, Over Ear Headphones for Travel Home Office Cellphone PC Black",43.02,4.6 out of 5 stars,8363,4.6,8363,High
"CMF by Nothing Headphone Pro Active Noise Canceling Wireless Headphones Bluetooth 5.4 Over The Ear Headset, 50H ANC Playtime, Bass&Treble Slider, Custom EQ&Spatial Audio, Hi-Res LDAC, Dark Grey",43.02,4.2 out of 5 stars,60,4.2,60,High
"JOYWISE Bluetooth Wireless Headphones 16H Playtime Earbuds with Mic Stereo in-Ear Earphones, IPX7 Waterproof Sports Sound Isolation Headsets for Running, Gym, Workout",43.02,4.4 out of 5 stars,2605,4.4,2605,High
"Nothing Ear (a) Wireless Earbuds, 45dB Hybrid Noise Cancelling Earbuds, Hi-Res Audio, Advanced Equaliser, Dual Connect, 6 Mics, 42.5H Playtime Ear Buds Wireless Bluetooth, Yellow",43.02,4.2 out of 5 stars,5008,4.2,5008,High
Boean Bluetooth Headphones Wireless Earbuds Bluetooth 5.3 Running Headphones IPX7 Waterproof Earphones with 16 Hrs Playtime Stereo Sound Isolation Headsets for Workout Gym,19.99,4.3 out of 5 stars,6903,4.3,6903,High
"JBL Tune 510BT - Bluetooth headphones with up to 40 hours battery, microphone for call, foldable and comfortable, Android and iOs compatible (White)",39.95,4.5 out of 5 stars,84143,4.5,84143,High
"Wireless Earbuds, Bluetooth 5.3 in Ear Headphones with Mic Active Noise Cancellation, 40H Playtime Wireless Earphones High-Fidelity Sound Touch Control Hands-free Call, Ear Buds for iPhone,Android",43.02,5.0 out of 5 stars,2,5.0,2,High
"Sponsored Ad - PHILIPS H2209 Wireless Headphones,On-Ear Bluetooth Headphones, Dynamic Bass, Sound Signature,Clear Call,25H Battery Life,Fast Charging,Soft Ear Cups,Bluetooth 5.4,Compact Design,Light,Matte Black",43.02,5.0 out of 5 stars,1,5.0,1,High
"Beats Studio Buds - True Wireless Noise Cancelling Earbuds - Compatible with Apple & Android, Built-in Microphone, IPX4 Rating, Sweat Resistant Earphones, Class 1 Bluetooth Headphones - Black",43.02,4.2 out of 5 stars,86341,4.2,86341,High
"JBL Endurance Peak 3 - Dust and Water Proof (IP68) True Wireless Active Earbuds, Pure Bass Sound, Up to 50 Total Hours of Playback with Speed Charge, Ambient Aware & Talk Thru (Black)",43.02,4.0 out of 5 stars,4313,4.0,4313,Medium
"Samsung Galaxy Buds FE True Wireless Bluetooth Earbuds, Comfort and Secure in Ear Fit, Auto Switch Audio, Touch Control, Built-in Voice Assistant, Graphite [US Version, 1Yr Manufacturer Warranty]",43.02,4.3 out of 5 stars,6741,4.3,6741,High
JBL Tune 510BT: Wireless On-Ear Headphones with Purebass Sound - Black,37.99,4.6 out of 5 stars,7191,4.6,7191,High
"Bluetooth Headphones Over Ear, 60 Hours Playtime Foldable Headphones Wireless Bluetooth Hi-Fi Stereo Deep Bass with 6 EQ Modes, Adjustable Lightweight Headset with Microphone, FM, SD/TF for Adults",43.02,4.3 out of 5 stars,11991,4.3,11991,High
"Wireless Earbuds, ENC Noise Cancelling Ear Buds with Smart Touchscreen Case, 48H Playtime for Sports & Working, Bass Stereo Sound, Bluetooth 5.4 Headphones for iPhone 17/16/15/14/13/Android",43.02,4.9 out of 5 stars,1190,4.9,1190,High
"Skullcandy Icon ANC Wireless On-Ear Bluetooth Headphones, Active Noise Cancelling, 60 Hours Battery, Sweat Water Resistant, Foldable Durable Travel Ready, Microphone for iPhone Android - Bone",43.02,4.4 out of 5 stars,308,4.4,308,High
"Sennheiser MOMENTUM 4 Wireless Headphones - Bluetooth Headset for Crystal-Clear Calls with Adaptive Noise Cancellation, 60h Battery Life, Lightweight Folding Design, Black",43.02,4.1 out of 5 stars,8295,4.1,8295,High
Sony WH-CH720NB Noise Canceling Wireless Bluetooth Headphones - Built-in Microphone - up to 35 Hours Battery Life and Quick Charge - Black - International Version,43.02,4.5 out of 5 stars,1119,4.5,1119,High
"Bluetooth Headphones Over Ear 80H Playtime, Wireless Headphones Over Ear with 3 EQ Modes, Built-in ENC Mic, Deep Bass, HiFi Stereo Foldable 5.4 Bluetooth Headset for Phone PC Travel Gym Workout",43.02,4.4 out of 5 stars,479,4.4,479,High
"Skullcandy Hesh Evo Wireless Over-Ear Bluetooth Headphones with Extra USB-C Charging Cable, Noise Isolating, 36 Hours Battery, Foldable Lightweight Design, Microphone for iPhone Android - True Black",43.02,4.5 out of 5 stars,7732,4.5,7732,High
"Active Noise Cancelling Headphones, 100H Playtime Headphones Wireless Bluetooth, Bluetooth Headphone with Mic, Over Ear Wireless Headphone with Deep Bass,Fast Charging for Travel",25.99,4.3 out of 5 stars,1940,4.3,1940,High
"Apple AirPods Pro 2 Wireless Earbuds, Active Noise Cancellation, Hearing Aid Feature, Bluetooth Headphones, Transparency, Personalized Spatial Audio, High-Fidelity Sound, H2 Chip, USB-C Charging",43.02,4.6 out of 5 stars,39495,4.6,39495,High
"Razer Barracuda X Wireless Gaming & Mobile Headset (PC, PlayStation, Switch 2, Android, iOS): 2.4GHz Wireless + Bluetooth - Lightweight - 40mm Drivers - Detachable Mic - 50 Hr Battery - Black",43.02,4.1 out of 5 stars,4072,4.1,4072,High
"JBL Tune 770NC - Adaptive Noise Cancelling with Smart Ambient Wireless Over-Ear Headphones, Bluetooth 5.3, Up to 70H Battery Life with Speed Charge, Lightweight, Comfortable & Foldable Design (Black)",43.02,4.5 out of 5 stars,3209,4.5,3209,High
Sponsored Ad - Wireless Bluetooth Headphones Over Ear 65H Playtime HiFi Stereo Headset with Microphone and 6EQ Modes Foldable Bluetooth V5.3 Headphones for Travel Smartphone Computer Laptop Rose Gold,43.02,4.6 out of 5 stars,10834,4.6,10834,High
"Sony Wireless Bluetooth Headphones - Up to 50 Hours Battery Life with Quick Charge Function, On-Ear Model - WH-CH520C.CE7 - Limited Edition - Cappuccino/Beige",43.02,4.4 out of 5 stars,32934,4.4,32934,High
"Sony WF-C510 Truly Wireless in-Ear Bluetooth Earbud Headphones with up to 22-Hour Battery, Multipoint-Connection, Mic and IPX4 Water Resistance, Black- New",43.02,4.3 out of 5 stars,2078,4.3,2078,High
"TOZO T6 Wireless Earbuds, Bluetooth 5.3 Ear Buds, Stereo Sound in Ear Headphones, 50 Hours Playtime, Wireless Charging Case, APP Customizable EQs, IPX8 Waterproof Earphones",22.99,4.4 out of 5 stars,219105,4.4,219105,High
"Soundcore P30i by Anker Noise Cancelling Earbuds, Strong and Smart Noise Cancelling, Powerful Bass, 45H Playtime, 2-in-1 Case and Phone Stand, IP54, Wireless Earbuds, Bluetooth 5.4 (Black)",43.02,4.4 out of 5 stars,14797,4.4,14797,High
"BERIBES Bluetooth Headphones Over Ear, 65H Playtime and 6 EQ Music Modes Wireless Headphones with Microphone, HiFi Stereo Foldable Lightweight Headset, Deep Bass for Home Office Cellphone PC Ect.",19.99,4.5 out of 5 stars,46011,4.5,46011,High
"Wireless Headset, Bluetooth Headset with AI Noise Cancelling Mic, Bluetooth V5.2 Headphones with USB Dongle, Charging Base & Mic Mute for PC/Cell Phones/Call Center (Black)",43.02,4.6 out of 5 stars,885,4.6,885,High
"Bluetooth Headphones, Wireless Over Ear Bluetooth Headsets with 35H Playtime, HiFi Stereo Foldable Headphones with Foam Ear Cups for Sports, Office, Travel",43.02,5.0 out of 5 stars,404,5.0,404,High
"Wireless Earbuds, Bluetooth 5.4 Headphones in Ear, True Wireless Ear Buds HiFi Stereo Deep Bass with 4 ENC Noise Cancelling Mic, Bluetooth Ear Buds 47H Long Playtime LED IP7 Waterproof USB-C (Black)",43.02,4.7 out of 5 stars,237,4.7,237,High
"BERIBES Bluetooth Headphones Over Ear, 65H Playtime and 6 EQ Music Modes Wireless Headphones with Microphone, HiFi Stereo Foldable Lightweight Headset, Deep Bass for Home Office Cellphone PC Ect.",43.02,4.5 out of 5 stars,46011,4.5,46011,High
"Picun B8 Bluetooth Headphones, 120H Playtime Headphone Wireless Bluetooth with 3 EQ Modes, Low Latency, Hands-Free Calls, Over Ear Headphones for Travel Home Office Cellphone PC Black",19.99,4.6 out of 5 stars,8363,4.6,8363,High
"JLab Go Air Pop True Wireless Earbuds, in Ear Headphones, Bluetooth Earphones, Ear Buds with 32H Playtime, Bluetooth Earbuds with Microphone, USB Charging Case, Dual Connect, EQ3 Sound, Pink",23.0,4.4 out of 5 stars,54880,4.4,54880,High
"JBL Tune Flex - True Wireless Noise Cancelling Earbuds (Black), Small",43.02,4.0 out of 5 stars,10082,4.0,10082,Medium
"Sponsored Ad - Sleep Earbuds, Mini ANC Wireless Earbuds Bluetooth 5.4 Headphones Deep Bass Stereo, 48H Playtime Ear Buds, 4 ENC Noise Cancelling Mic, In Ear IP7 Waterproof Earphones for Side Sleepers,Touch Control",34.99,4.1 out of 5 stars,645,4.1,645,High
"TECKNET Trucker Bluetooth Headphones with Microphone Noise Canceling Wireless On Ear Headset, Hands Free Wireless Headset for Cell Phone Computer Office Home Call Center Skype (Black)",34.98,4.0 out of 5 stars,10400,4.0,10400,Medium
"Sponsored Ad - Monster Persona 3rd ANC Active Noise Canceling Headphones, Over Ear Wireless Headphone Bluetooth with Mic, 70 Hours Playtime Bluetooth Headphones, Foldable Comfort Lightweight Headphone for Travel",39.98,4.1 out of 5 stars,66,4.1,66,High
"Wireless Headset with AI Noise Cancelling Microphone Bluetooth Headset - Bluetooth V5.2 Headphones with USB Dongle, Charging Base & Mic Mute for Computer/Laptop/PC/iPhone/Android/Cell Phones",43.02,4.2 out of 5 stars,511,4.2,511,High
"Sony WH-CH720N Noise Canceling Wireless Headphones Bluetooth Over The Ear Headset with Microphone and Alexa Built-in, Black New",43.02,4.4 out of 5 stars,12526,4.4,12526,High
"Million Sold 10 Years Classic E7 Active Noise Cancelling Headphones with Upgraded Noise Cancellation, Bluetooth Headphones Wireless with HD Sound Vivid Deep Bass, for Home Office Travel Birthday Gift",43.02,4.3 out of 5 stars,8968,4.3,8968,High
"kurdene Wireless Earbuds Bluetooth 5.3 in Ear Buds Light Weight Headphones,Deep Bass Sound,Built in Mics Headset,Clear Calls Earphones for Sports Workout",43.02,4.3 out of 5 stars,65161,4.3,65161,High
Wireless Bluetooth Headphones Over Ear 65H Playtime HiFi Stereo Headset with Microphone and 6EQ Modes Foldable Bluetooth V5.3 Headphones for Travel Smartphone Computer Laptop Rose Gold,43.02,4.6 out of 5 stars,10834,4.6,10834,High
"Sponsored Ad - 1Mii E700 Wireless Bluetooth Over Ear Headphones with Active Noise Canceling, Hi-Res Audio LDAC/aptX Low Latency for Airplane Travel Overhead Comfort, 54H Playtime, Custom EQ via App - Black",43.02,4.8 out of 5 stars,26,4.8,26,High
"Sponsored Ad - Wireless Earbuds, Bluetooth 5.4 Ear Buds LED Power Display Headphones Bass Stereo, Bluetooth Earbuds in-Ear Noise Cancelling Mic, 40H Playback Mini Case IP7 Waterproof Sports Earphones for Android iOS",43.02,4.3 out of 5 stars,7729,4.3,7729,High
"Open Ear Wireless Earbuds Bluetooth Headphones, 50Hrs Playtime Stereo Sound Earphones with IP7 Waterproof Ear Buds for Fitness/Travel",43.02,4.8 out of 5 stars,668,4.8,668,High
"TOZO T6 Wireless Earbuds, Bluetooth 5.3 Ear Buds, Stereo Sound in Ear Headphones, 50 Hours Playtime, Wireless Charging Case, APP Customizable EQs, IPX8 Waterproof Earphones",43.02,4.4 out of 5 stars,219105,4.4,219105,High
"Wireless Earbuds, Bluetooth 5.3 Headphones LED Power Display, 2025 New Wireless Earphones, 4 ENC Noise Cancelling Mic, HiFi Stereo, 48H Playtime Mini Case IP7 Waterproof for Sport Walk",43.02,4.4 out of 5 stars,6719,4.4,6719,High
"Bose QuietComfort Bluetooth Headphones, Wireless Headphones with Active Over Ear Noise Cancelling and Mic, Deep Bass, Up to 24 Hours of Playtime, Sandstone",43.02,4.5 out of 5 stars,14052,4.5,14052,High
"Wireless Earbuds, Bluetooth 5.4 Headphones Sport, Over Ear Buds With ENC Noise Cancelling Mic, 48H, Wireless Earphone With Earhooks, Stereo Deep Bass, IP7 Waterproof ear bud for Workout Running, Black",43.02,4.9 out of 5 stars,554,4.9,554,High
"Kids Bluetooth Headphones, Lightweight Wireless Headphones for Kids, 85/94dB Volume Limited, 60 Hours Playtime, Bluetooth 5.3, Over-Ear Toddler Headsets with Built-in Mic-Purple",15.99,4.6 out of 5 stars,2151,4.6,2151,High
TAGRY Bluetooth Headphones True Wireless Earbuds 60H Playback LED Power Display Earphones with Wireless Charging Case IPX5 Waterproof in-Ear Ear buds with Mic for TV Smart Phone Laptop Computer Sports,43.02,4.4 out of 5 stars,77803,4.4,77803,High
"JBL Tune Buds - True wireless Noise Cancelling earbuds, JBL Pure Bass Sound, Bluetooth 5.3, 4-Mic technology for Crisp, Clear Calls, Up to 48 hours of battery life, Water and dust resistant (Black)",49.95,4.1 out of 5 stars,7468,4.1,7468,High
"Otium Bluetooth Earbuds Wireless Headphones Bluetooth Headphones, Sports Earbuds, IPX7 Waterproof Stereo Earphones for Gym Running 15 Hours Playtime Sound Isolation Headsets,Black",19.98,4.3 out of 5 stars,15681,4.3,15681,High
"Wireless Headphones for TV, TV Headphones Wireless for Seniors with Transmitter Charging Base, Perfect Audio Sync, Ideal Gift for The Mom, Seniors, Parents",43.02,4.8 out of 5 stars,90,4.8,90,High
"bmani Ear Buds Wireless Earbuds Bluetooth Headphones with 80H Playtime LED Display Case, Over-Ear Hook with Mic, Stereo Sound, Easy Button Controls, Sports Earphones for Running Workout Gym Black",25.99,4.3 out of 5 stars,49761,4.3,49761,High
"KVIDIO Bluetooth Headphones Over Ear, 65 Hours Playtime Wireless Headphones with Microphone, Foldable Lightweight Headset with Deep Bass, HiFi Stereo Sound Low Latency for Travel Work Cellphone",18.26,4.5 out of 5 stars,29898,4.5,29898,High
"Sponsored Ad - Wireless Earbuds, Bluetooth 5.4 Ear Buds LED Power Display Headphones Bass Stereo, Bluetooth Earbuds in-Ear Noise Cancelling Mic, 40H Playback Mini Case IP7 Waterproof Sports Earphones for Android iOS",16.14,4.3 out of 5 stars,7729,4.3,7729,High
"Sponsored Ad - PHILIPS H2209 Wireless Headphones,On-Ear Bluetooth Headphones, Dynamic Bass, Sound Signature,Clear Call,25H Battery Life,Fast Charging,Soft Ear Cups,Bluetooth 5.4,Compact Design,Light,Matte Black",29.99,5.0 out of 5 stars,1,5.0,1,High
"JBL Tune Flex - True Wireless Noise Cancelling Earbuds (Black), Small",49.95,4.0 out of 5 stars,10082,4.0,10082,Medium
"Wireless Earbuds, Bluetooth 5.4 Headphones Sport, Over Ear Buds With ENC Noise Cancelling Mic, 48H, Wireless Earphone With Earhooks, Stereo Deep Bass, IP7 Waterproof ear bud for Workout Running, Black",23.99,4.9 out of 5 stars,554,4.9,554,High
"Bluetooth Headphones Over Ear 80H Playtime, Wireless Headphones Over Ear with 3 EQ Modes, Built-in ENC Mic, Deep Bass, HiFi Stereo Foldable 5.4 Bluetooth Headset for Phone PC Travel Gym Workout",13.99,4.4 out of 5 stars,479,4.4,479,High
Sponsored Ad - Wireless Bluetooth Headphones Over Ear 65H Playtime HiFi Stereo Headset with Microphone and 6EQ Modes Foldable Bluetooth V5.3 Headphones for Travel Smartphone Computer Laptop Rose Gold,17.99,4.6 out of 5 stars,10834,4.6,10834,High
"Hybrid Active Noise Cancelling Bluetooth Headphones, Over Ear Wireless Headphones with 60H Playtime, Hi-Res Audio, Deep Bass, Memory Foam Ear Cups for Home Office Travel",43.02,5.0 out of 5 stars,277,5.0,277,High
"Wireless Earbuds, Bluetooth 5.3 Headphones LED Power Display, 2025 New Wireless Earphones, 4 ENC Noise Cancelling Mic, HiFi Stereo, 48H Playtime Mini Case IP7 Waterproof for Sport Walk",12.99,4.4 out of 5 stars,6719,4.4,6719,High
"KVIDIO Bluetooth Headphones Over Ear, 65 Hours Playtime Wireless Headphones with Microphone, Foldable Lightweight Headset with Deep Bass, HiFi Stereo Sound Low Latency for Travel Work Cellphone",43.02,4.5 out of 5 stars,29898,4.5,29898,High
"Sony WH-1000XM4 Wireless Premium Noise Canceling Overhead Headphones with Mic for Phone-Call and Alexa Voice Control, Black WH1000XM4",43.02,4.6 out of 5 stars,61248,4.6,61248,High
"Sponsored Ad - Neckband Bluetooth Headphones, Around The Neck Headphones 24H+ Playtime, Bluetooth Headsets with Call Vibration, Shark Jaw Design Wireless Earbuds+Noise Isolation/Built-in Mic/IPX7 Waterproof",27.99,3.9 out of 5 stars,2565,3.9,2565,Medium
"BERIBES Upgraded Hybrid Active Noise Cancelling Headphones with Transparent Modes,70H Playtime Bluetooth Headphones Wireless Bluetooth with Mic, Deep Bass,3.5MM Cable,Soft-Earpads,Fast Charging-Black",43.02,4.4 out of 5 stars,5299,4.4,5299,High
"Soundcore by Anker Q20i Hybrid Active Noise Cancelling Headphones, Wireless Over-Ear Bluetooth, 40H Long ANC Playtime, Hi-Res Audio, Big Bass, Customize via an App, Transparency Mode",43.02,4.6 out of 5 stars,39465,4.6,39465,High
"ZIHNIC Bluetooth Headphones Over-Ear, Foldable Wireless and Wired Stereo Headset Micro SD/TF, FM for Cell Phone,PC,Soft Earmuffs &Light Weight for Prolonged Wearing (Black/Blue)",16.78,4.4 out of 5 stars,84305,4.4,84305,High
"Wireless Earbuds Bluetooth 5.3 Headphones, 40Hrs Playback Stereo Ear Buds with LED Display Charging Case IPX7 Waterproof in-Ear Earphones with Mic for Phone Tablet Laptop Sports, White",43.02,4.4 out of 5 stars,4715,4.4,4715,High
"ROSIDA Wireless Headphones for TV, Over-Ear Bluetooth 5.3 TV Headset for Seniors, 196ft Wireless Range Support Optical,AUX, RCA and USB Output,High Volume, Hi-Fi Audio&No Delay,Up to 30 Hours Playtime",59.99,4.2 out of 5 stars,613,4.2,613,High
"LEVN Hybrid Active Noise Cancelling Headphones, Wireless Headphones Bluetooth 5.4 with Transparent Mode, Hi-Res Audio, Deep Bass, 70H Playtime Over Ear Bluetooth Headset for Work/Travel/Home/Office",43.02,4.8 out of 5 stars,979,4.8,979,High
"Sponsored Ad - Wireless Earbuds, Bluetooth 5.3 Ear Buds, Headphones with Clear Stereo Sound, 40H Playtime with LED Digital Display, IPX7 Waterproof Earphones Built-in Mic for Phone Tablet Sports Workout",19.99,4.9 out of 5 stars,556,4.9,556,High
"JOYWISE Bluetooth Wireless Headphones 16H Playtime Earbuds with Mic Stereo in-Ear Earphones, IPX7 Waterproof Sports Sound Isolation Headsets for Running, Gym, Workout",13.98,4.4 out of 5 stars,2605,4.4,2605,High
"Wireless Earbuds, Bluetooth 5.4 Headphones Bass Stereo, Ear Buds with Noise Cancelling Mic, LED Display in Ear Earphones Clear Calls, IP7 Waterproof Bluetooth Earbuds for Laptop/Phones/Sports, White",21.99,5.0 out of 5 stars,120,5.0,120,High
"Sponsored Ad - Monster Persona 3rd ANC Active Noise Canceling Headphones, Over Ear Wireless Headphone Bluetooth with Mic, 70 Hours Playtime Bluetooth Headphones, Foldable Comfort Lightweight Headphone for Travel",43.02,4.1 out of 5 stars,66,4.1,66,High
"Sponsored Ad - N18 Neckband Bluetooth Earbuds, Wireless Bluetooth 5.2 Headphones with Microphone, Ultra-Lightweight Comfort, IPX7 Waterproof, Deep Bass Strong Beat, 20H Playtime, Magnetic Earphones (Black)",43.02,4.3 out of 5 stars,3201,4.3,3201,High
"JBL Live 660NC - Wireless Over-ear Noise Cancelling headphones, JBL Signature Sound, Voice Assist, Up to 50Hrs of Battery with Speed Charging, Comfort-fit fabric headband and carrying pouch (Black)",43.02,4.4 out of 5 stars,4376,4.4,4376,High
Wireless Bluetooth Headphones Over Ear 65H Playtime HiFi Stereo Headset with Microphone and 6EQ Modes Foldable Bluetooth V5.3 Headphones for Travel Smartphone Computer Laptop Rose Gold,17.99,4.6 out of 5 stars,10834,4.6,10834,High
"Wireless Headset with AI Noise Cancelling Microphone Bluetooth Headset - Bluetooth V5.2 Headphones with USB Dongle, Charging Base & Mic Mute for Computer/Laptop/PC/iPhone/Android/Cell Phones",53.99,4.2 out of 5 stars,511,4.2,511,High
Wireless Bluetooth Headphones Over Ear 68H Playtime HiFi Stereo Headset with Microphone and 3EQ Modes Foldable Bluetooth V5.3 Headphones for Travel Smartphone Computer Laptop,14.16,4.5 out of 5 stars,3690,4.5,3690,High
"HomeSpot Noise Reduction Wireless Neckband Headphones with Qualcomm aptX HD, 27dB NRR, CVC Noise Cancelling Mic & Controls and 20H Playtime for Work Safety OSHA Compliant - Blue Wire Orange Earbuds",36.99,4.3 out of 5 stars,1245,4.3,1245,High
"Wireless Earbuds, Sports Bluetooth Headphones, 80Hrs Playtime Ear Buds with LED Power Display, Noise Canceling Headset, IPX7 Waterproof Earphones for Workout/Running (Rose Gold)",43.02,4.8 out of 5 stars,2211,4.8,2211,High
"BERIBES Upgraded Hybrid Active Noise Cancelling Headphones with Transparent Modes,70H Playtime Bluetooth Headphones Wireless Bluetooth with Mic, Deep Bass,3.5MM Cable,Soft-Earpads,Fast Charging-Black",25.47,4.4 out of 5 stars,5299,4.4,5299,High
"Soundcore Anker Life Q20 Hybrid Active Noise Cancelling Headphones, Wireless Over Ear Bluetooth Headphones, 60H Playtime, Hi-Res Audio, Deep Bass, Foam Ear Cups, Travel, Office, USB-C Charging",43.02,4.5 out of 5 stars,91264,4.5,91264,High
"Sony WH-CH520 Wireless Headphones Bluetooth On-Ear Headset with Microphone and up to 50 Hours Battery Life with Quick Charging, Black",43.02,4.5 out of 5 stars,25394,4.5,25394,High
"LEVN Hybrid Active Noise Cancelling Headphones, Wireless Headphones Bluetooth 5.4 with Transparent Mode, Hi-Res Audio, Deep Bass, 70H Playtime Over Ear Bluetooth Headset for Work/Travel/Home/Office",39.98,4.8 out of 5 stars,979,4.8,979,High
"Sponsored Ad - Wireless Earbuds, Bluetooth 5.3 Ear Buds, Headphones with Clear Stereo Sound, 40H Playtime with LED Digital Display, IPX7 Waterproof Earphones Built-in Mic for Phone Tablet Sports Workout",43.02,4.9 out of 5 stars,556,4.9,556,High
JBL Tune 510BT: Wireless On-Ear Headphones with Purebass Sound - Black,43.02,4.6 out of 5 stars,7191,4.6,7191,High
"ROSIDA Wireless Headphones for TV, Over-Ear Bluetooth 5.3 TV Headset for Seniors, 196ft Wireless Range Support Optical,AUX, RCA and USB Output,High Volume, Hi-Fi Audio&No Delay,Up to 30 Hours Playtime",43.02,4.2 out of 5 stars,613,4.2,613,High
"JBL Tune Buds - True wireless Noise Cancelling earbuds, JBL Pure Bass Sound, Bluetooth 5.3, 4-Mic technology for Crisp, Clear Calls, Up to 48 hours of battery life, Water and dust resistant (Black)",43.02,4.1 out of 5 stars,7468,4.1,7468,High
"Wireless Earbuds, Bluetooth 5.3 Headphones, True Wireless Stereo Earphones with IPX6 Waterproof, Noise Cancelling Mic, Fast Charging and Comfort Fit Ear Buds for Sports, Workouts - Black",18.99,4.8 out of 5 stars,786,4.8,786,High
"JBL Tune 670NC - Adaptive Noise Cancelling with Smart Ambient Wireless On-Ear Headphones, Up to 70H Battery Life with Speed Charge, Lightweight, Comfortable and Foldable Design (Black)",43.02,4.5 out of 5 stars,1120,4.5,1120,High
"Wireless Headset with Mic for Work, Bluetooth Headphones with Microphone Noise Canceling & USB Dongle, Handsfree 26+ Hours Battery & Mute Button, for Office/Call Center/Laptop/MS Teams/Conference",34.99,4.2 out of 5 stars,332,4.2,332,High
"JBL Vibe Beam 2 - True Wireless Noise Cancelling Earbuds Pure Bass Sound & Smart Ambient Technology, 4mics for Crisp, Clear Calls, up to 40Hrs of Playback, IP54 Dust & Water Resistant (Black)",43.02,4.2 out of 5 stars,1248,4.2,1248,High
"Wireless Earbuds, Bluetooth 5.4 Headphones in Ear, True Wireless Ear Buds HiFi Stereo Deep Bass with 4 ENC Noise Cancelling Mic, Bluetooth Ear Buds 47H Long Playtime LED IP7 Waterproof USB-C (Black)",18.99,4.7 out of 5 stars,237,4.7,237,High
"Wentronic Y01 Wireless Over Ear Headphones, Noise Canceling Bluetooth 5.3 Headphones with Microphones,Hi-Res Audio,48H Playtime,Foldable,Breathable Soft Earpads for iOS/Android/Samsung/PC-Starlight",43.02,4.1 out of 5 stars,611,4.1,611,High
"Sponsored Ad - Skullcandy Hesh Evo Wireless Over-Ear Bluetooth Headphones with Extra USB-C Charging Cable, Noise Isolating, 36 Hours Battery, Foldable Lightweight Design, Microphone for iPhone Android - True Black",43.02,4.5 out of 5 stars,7732,4.5,7732,High
TAGRY Hybrid Active Noise Cancelling Headphones 100H Playtime Wireless Bluetooth Over Ear Headphone with Fast Charging Hi-Res Audio Comfort Earcups Headsets for Home Travel Office Phone PC Black,43.02,4.8 out of 5 stars,411,4.8,411,High
"Beats Studio Pro - Wireless Bluetooth Noise Cancelling Headphones - Personalized Spatial Audio, USB-C Lossless Audio, Apple & Android Compatibility, Up to 40 Hours Battery Life - Sandstone",43.02,4.5 out of 5 stars,23500,4.5,23500,High
"ZIHNIC Bluetooth Headphones Over-Ear, Foldable Wireless and Wired Stereo Headset Micro SD/TF, FM for Cell Phone,PC,Soft Earmuffs &Light Weight for Prolonged Wearing (Black/Blue)",43.02,4.4 out of 5 stars,84305,4.4,84305,High
"Sponsored Ad - POLY Voyager Legend 50 UC Bluetooth Headset with Charging Case - 4 Noise-Canceling Mics, AI NoiseBlockAI & WindSmart Tech - Bluetooth Headphones with Mic, Smart Call Controls, All-Day Comfort",43.02,3.9 out of 5 stars,132,3.9,132,Medium
"Apple AirPods 4 Wireless Earbuds, Bluetooth Headphones, with Active Noise Cancellation, Adaptive Audio, Transparency Mode, Personalized Spatial Audio, USB-C Charging Case, Wireless Charging, H2 Chip",43.02,4.5 out of 5 stars,26954,4.5,26954,High
"Sponsored Ad - Conambo K21 Bluetooth Headset V5.1, Bluetooth Earpiece with CVC 8.0 Dual Mic Noise Cancelling Wireless Headphone - Mute & Volume Buttons 16Hrs Talking for iOS Android Cell Phone, Trucker, Office Work",34.71,4.4 out of 5 stars,271,4.4,271,High
"Boean Bluetooth Headphones, Wireless Headphones with 16 Hours Playtime Bluetooth 5.3 Wireless Earbuds HD Deep Bass Stereo Sound Isolation IPX7 Waterproof Earphones for Workout Running Sports",43.02,4.3 out of 5 stars,10911,4.3,10911,High
"Uliptz Wireless Bluetooth Headphones, 65H Playtime, 6 EQ Sound Modes, HiFi Stereo Over Ear Headphones with Microphone, Foldable Lightweight Bluetooth 5.3 Headphone for Travel/Office/Cellphone/PC",14.98,4.5 out of 5 stars,12559,4.5,12559,High
"Wireless Earbuds Bluetooth 5.3 Headphones, 40Hrs Playback Stereo Ear Buds with LED Display Charging Case IPX7 Waterproof in-Ear Earphones with Mic for Phone Tablet Laptop Sports, White",16.14,4.4 out of 5 stars,4715,4.4,4715,High
"Wentronic Y01 Wireless Over Ear Headphones, Noise Canceling Bluetooth 5.3 Headphones with Microphones,Hi-Res Audio,48H Playtime,Foldable,Breathable Soft Earpads for iOS/Android/Samsung/PC-Starlight",37.9,4.1 out of 5 stars,611,4.1,611,High
"Bluetooth Headphones Over Ear, 60 Hours Playtime Foldable Headphones Wireless Bluetooth Hi-Fi Stereo Deep Bass with 6 EQ Modes, Adjustable Lightweight Headset with Microphone, FM, SD/TF for Adults",22.2,4.3 out of 5 stars,11991,4.3,11991,High
"bmani Ear Buds Wireless Earbuds Bluetooth Headphones with 80H Playtime LED Display Case, Over-Ear Hook with Mic, Stereo Sound, Easy Button Controls, Sports Earphones for Running Workout Gym Black",43.02,4.3 out of 5 stars,49761,4.3,49761,High
"Kids Bluetooth Headphones, Lightweight Wireless Headphones for Kids, 85/94dB Volume Limited, 60 Hours Playtime, Bluetooth 5.3, Over-Ear Toddler Headsets with Built-in Mic-Purple",43.02,4.6 out of 5 stars,2151,4.6,2151,High
"Uliptz Wireless Bluetooth Headphones, 65H Playtime, 6 EQ Sound Modes, HiFi Stereo Over Ear Headphones with Microphone, Foldable Lightweight Bluetooth 5.3 Headphone for Travel/Office/Cellphone/PC",43.02,4.5 out of 5 stars,12559,4.5,12559,High
"Boean Bluetooth Headphones, Wireless Headphones with 16 Hours Playtime Bluetooth 5.3 Wireless Earbuds HD Deep Bass Stereo Sound Isolation IPX7 Waterproof Earphones for Workout Running Sports",19.99,4.3 out of 5 stars,10911,4.3,10911,High
"soundcore Life Q30 by Anker, Hybrid Active Noise Cancelling Headphones with Multiple Modes, Hi-Res Sound, Custom EQ via App, 50H Playtime, Comfortable Fit, Bluetooth, Multipoint Connection",43.02,4.4 out of 5 stars,87512,4.4,87512,High
"JLab Go Air Pop True Wireless Earbuds, in Ear Headphones, Bluetooth Earphones, Ear Buds with 32H Playtime, Bluetooth Earbuds with Microphone, USB Charging Case, Dual Connect, EQ3 Sound, Pink",43.02,4.4 out of 5 stars,54880,4.4,54880,High
TAGRY Bluetooth Headphones True Wireless Earbuds 60H Playback LED Power Display Earphones with Wireless Charging Case IPX5 Waterproof in-Ear Ear buds with Mic for TV Smart Phone Laptop Computer Sports,26.59,4.4 out of 5 stars,77803,4.4,77803,High
"LORELEI B-C6 Wireless Over Ear Headphones, 50H Playtime Foldable Lightweight Bluetooth Headsets, Deep Bass, Built-in Microphone, Memory Foam Earmuff, for Travel, Home Office (Beige White)",19.99,4.3 out of 5 stars,1322,4.3,1322,High
"Sponsored Ad - 2026 Upgraded Open Ear Headphones,Over Ear Earbuds with Ergonomic Earhook,Bluetooth Headphones 6.0 with Smart Digital Display,80H Playtime,IPX7 Waterproof,Touch Control Operate Fit Cycling,Running",22.99,5.0 out of 5 stars,69,5.0,69,High
"Wireless Headset with Mic for Work, Bluetooth Headset with Microphone (Noise Cancelling & Mute Button), Wireless Headphones with Mic for Work from Home/Office/PC/Call Center/Computer/Laptop/Teams/Zoom",43.02,4.5 out of 5 stars,945,4.5,945,High
"JBL Tune 510BT - Bluetooth headphones with up to 40 hours battery, microphone for call, foldable and comfortable, Android and iOs compatible (White)",43.02,4.5 out of 5 stars,84143,4.5,84143,High
"Wireless Earbuds, ENC Noise Cancelling Ear Buds with Smart Touchscreen Case, 48H Playtime for Sports & Working, Bass Stereo Sound, Bluetooth 5.4 Headphones for iPhone 17/16/15/14/13/Android",23.99,4.9 out of 5 stars,1190,4.9,1190,High
Sponsored Ad - Wireless Earbuds 2025 Bluetooth Headphones 100H Playtime Ear Buds in-Ear Bluetooth Earbuds 5.4 Headphones Deep Bass Stereo Active Noise Cancelling IP5 Waterproof Earphones for Android iOS,29.99,4.6 out of 5 stars,18,4.6,18,High
Wireless Bluetooth Headphones Over Ear 68H Playtime HiFi Stereo Headset with Microphone and 3EQ Modes Foldable Bluetooth V5.3 Headphones for Travel Smartphone Computer Laptop,43.02,4.5 out of 5 stars,3690,4.5,3690,High
"A10 Pro Wireless Earbuds, Bluetooth 5.3 Headphones HiFi Stereo 50H Playback LED Digital Display Ear Buds with ENC Noise Canceling Headset, IPX7 Waterproof Earphones for Gym/Running/Work",43.02,4.7 out of 5 stars,717,4.7,717,High
"Sponsored Ad - Conambo K21 Bluetooth Headset V5.1, Bluetooth Earpiece with CVC 8.0 Dual Mic Noise Cancelling Wireless Headphone - Mute & Volume Buttons 16Hrs Talking for iOS Android Cell Phone, Trucker, Office Work",43.02,4.4 out of 5 stars,271,4.4,271,High
"Sponsored Ad - N18 Neckband Bluetooth Earbuds, Wireless Bluetooth 5.2 Headphones with Microphone, Ultra-Lightweight Comfort, IPX7 Waterproof, Deep Bass Strong Beat, 20H Playtime, Magnetic Earphones (Black)",25.99,4.3 out of 5 stars,3201,4.3,3201,High
"Rythflo Bluetooth Headphones, 150H Playtime Wireless Bluetooth Earbuds w/Mic in-Ear Magnetic Neckband Earphone, IPX7 Sweatproof Deep Bass Headset for Home, Traveling, Outdoor, Business Trips",39.99,4.3 out of 5 stars,875,4.3,875,High
"Open Ear Wireless Earbuds Bluetooth Headphones, 50Hrs Playtime Stereo Sound Earphones with IP7 Waterproof Ear Buds for Fitness/Travel",22.78,4.8 out of 5 stars,668,4.8,668,High
"JBL Tune 520BT - Wireless On-Ear Headphones, Up to 57H Battery Life and Speed Charge, Lightweight, Comfortable and Foldable Design, Hands-Free Calls with Voice Aware (Purple)",43.02,4.6 out of 5 stars,7995,4.6,7995,High
Ear buds Wireless Earbuds Bluetooth 5.3 Headphones 60hrs Playtime with Digital Display Sports Wireless Headphones with Earhook Deep Bass IPX7 Waterproof Over-Ear Earbuds for Android iOS Workout Rose,32.99,4.4 out of 5 stars,23811,4.4,23811,High
Sponsored Ad - Wireless Earbuds 2025 Bluetooth Headphones 100H Playtime Ear Buds in-Ear Bluetooth Earbuds 5.4 Headphones Deep Bass Stereo Active Noise Cancelling IP5 Waterproof Earphones for Android iOS,43.02,4.6 out of 5 stars,18,4.6,18,High
"JBL Tune 720BT - Wireless Over-Ear Headphones with JBL Pure Bass Sound, Bluetooth 5.3, Up to 76H Battery Life and Speed Charge, Lightweight, Comfortable and Foldable Design (Black)",43.02,4.5 out of 5 stars,8124,4.5,8124,High
"Million Sold 10 Years Classic E7 Active Noise Cancelling Headphones with Upgraded Noise Cancellation, Bluetooth Headphones Wireless with HD Sound Vivid Deep Bass, for Home Office Travel Birthday Gift",49.99,4.3 out of 5 stars,8968,4.3,8968,High
